<?xml version="1.0" ?> 
<!DOCTYPE program SYSTEM "musicstore.dtd">
<!-- <!DOCTYPE note [
    
    <!ELEMENT MusicStore(StringInstrument, KeyboardInstrument, SalesPeople)>
    
    <!ELEMENT StringInstrument(ElectricGuitar, BassGuitar, Mandolin)>
    <!ELEMENT ElectricGuitar(electricGuitarBrand, electricGuitarModel, electricGuitarColor)>
    <!ELEMENT electricGuitarBrand (#PCDATA)>
    <!ELEMENT electricGuitarModel (#PCDATA)>
    <!ELEMENT electricGuitarColor (#PCDATA)>
    <!ELEMENT BassGuitar(bassGuitarBrand, bassGuitarModel, bassGuitarColor)>
    <!ELEMENT bassGuitarBrand (#PCDATA)>
    <!ELEMENT bassGuitarModel (#PCDATA)>
    <!ELEMENT bassGuitarColor (#PCDATA)>
    <!ELEMENT Mandolin(mandolinBrand, mandolinModel, mandolinColor)>
    <!ELEMENT mandolinBrand (#PCDATA)>
    <!ELEMENT mandolinModel (#PCDATA)>
    <!ELEMENT mandolinColor (#PCDATA)>


    <!ELEMENT KeyboardInstrument(ElectronicKeyBoard, Piano)>
    <!ELEMENT ElectronicKeyBoard(Brand, Model, NumKeys)>
    <!ELEMENT Brand (#PCDATA)>
    <!ELEMENT Model (#PCDATA)>
    <!ELEMENT NumKeys (#PCDATA)>
    
    <!ELEMENT SalesPeople (SalesPerson) >
    <!ELEMENT SalesPerson (employeenumber, name, email) >
    <!ATTLIST employeenumber number CDATA #REQUIRED>
    <!ATTLIST name code CDATA "000" #REQUIRED>
    <!ATTLIST email code CDATA "000" #REQUIRED>

]> -->
<program>
    
    <StringInstrument>
        <ElectricGuitar>
            <electricGuitarBrand>Gibson</electricGuitarBrand>
            <electricGuitarModel>Les Paul</electricGuitarModel>
            <electricGuitarColor>Red</electricGuitarColor>
        </ElectricGuitar>
        <ElectricGuitar>
            <electricGuitarBrand>Fender</electricGuitarBrand>
            <electricGuitarModel>Stratocaster</electricGuitarModel>
            <electricGuitarColor>Natural</electricGuitarColor>
        </ElectricGuitar>
        <BassGuitar>
            <bassGuitarBrand>Fender</bassGuitarBrand>
            <bassGuitarModel>Precision Bass</bassGuitarModel>
            <bassGuitarColor>Black</bassGuitarColor>
        </BassGuitar>
        <BassGuitar>
            <bassGuitarBrand>Ibanez</bassGuitarBrand>
            <bassGuitarModel>Premium BTB 6-String</bassGuitarModel>
            <bassGuitarColor>Sunset Fade</bassGuitarColor>
        </BassGuitar>
    </StringInstrument>

    <KeyboardInstrument>
        <ElectronicKeyBoard>
            <Brand>Roland</Brand>
            <Model>FP-10</Model>
            <NumKeys>88</NumKeys>
        </ElectronicKeyBoard>
    </KeyboardInstrument>

    <SalesPeople>
        <SalesPerson>
            <employeenumber>002</employeenumber>
            <name>Guarav</name>
            <email>guarav@music.com</email>
        </SalesPerson>
        <SalesPerson>
            <employeenumber>003</employeenumber>
            <name>Jose</name>
            <email>jose@music.com</email>
        </SalesPerson>
    </SalesPeople>

    <course>
        <name>Programming</name>
        <courseCode code="CO1"></courseCode>
        <instructor>Prof. Derreick</instructor>
        <students>
            <studentNum sNum="001"></studentNum>
            <Stname> Jinshuai </Stname>
        </students>
    </course>


    <course>
        <name>Web</name>
        <courseCode code="CO1"></courseCode>
        <instructor>Prof. Derreick</instructor>
        <students>
            <studentNum sNum="001"></studentNum>
            <Stname> Jinshuai </Stname>
        </students>
    </course>

</program>
